	!	%	'	&	)	(	+	*	-	/	.	1	0	3	2	5	4	7	6	9	8	;	:	=	<	>	[	]	\	_	^	a	c	b	e	d	g	f	i	h	k	j	m	l	o	n	q	p	s	r	u	t	w	v	y	x	{	z	}	|	~
1		0.1108255386352539	0.06048399955034256	0.19786123931407928	0.02448612079024315	0.2954217791557312	0.11345361173152924	0.021912185475230217	0.18854494392871857	0.18025633692741394	-0.038098402321338654	0.1622287780046463	-0.0779821053147316	0.08725979179143906	0.22062525153160095	0.18478630483150482	0.18105566501617432	0.011722588911652565	0.09760310500860214	0.0651734247803688	0.06462976336479187	0.1959349662065506	-0.05876314640045166	0.23883934319019318	0.04555637016892433	-0.1012306660413742	0.06953776627779007	-0.05693082883954048	-0.1565350890159607	0.23671473562717438	0.23635730147361755	-0.0725652277469635	-0.11383945494890213	-0.08105790615081787	-0.0988398939371109	0.11041579395532608	0.0966828316450119	-0.04217628389596939	0.035354871302843094	-0.029633518308401108	0.09419440478086472	-0.0659521147608757	-0.060155969113111496	0.042756132781505585	0.049336861819028854	-0.07285059988498688	0.15847477316856384	-0.1485639214515686	0.08850258588790894	-0.13395105302333832	0.13864292204380035	-0.017006006091833115	-0.07398433238267899	-0.027092549949884415	-0.17121398448944092	-0.1598629653453827	0.10488629341125488	0.015730027109384537	0.14407183229923248	-0.08955327421426773	0.07805769890546799
2	0.11082550883293152		-0.05338617041707039	0.34839627146720886	-0.02832607366144657	0.00768081471323967	0.11065199971199036	-0.047061093151569366	-0.08793844282627106	0.21967805922031403	0.1906455010175705	-0.06698784977197647	0.26971766352653503	0.346365362405777	0.09483916312456131	0.7708083391189575	0.5172767043113708	0.8468102812767029	0.7570188641548157	0.8535060882568359	0.8215150237083435	0.2098982036113739	0.13148877024650574	0.09571266919374466	0.18964962661266327	0.2229272425174713	0.14046548306941986	0.2043861597776413	-0.016612583771348	-0.20486439764499664	-0.09969250112771988	-0.14111052453517914	-0.15006527304649353	-0.30778801441192627	-0.11293834447860718	0.07303230464458466	-0.06885912269353867	-0.18918314576148987	-0.08455851674079895	-0.08128078281879425	-0.29434582591056824	-0.3893761932849884	-0.20315054059028625	-0.08240117132663727	0.05030684173107147	-0.2832118570804596	0.12470362335443497	-0.042054515331983566	-0.004547575023025274	-0.10236374288797379	-0.02280588261783123	-0.16095633804798126	-0.31493374705314636	-0.02297186851501465	-0.22820840775966644	-0.31775781512260437	-0.08597709238529205	-0.2911616563796997	-0.12283539772033691	-0.1857215017080307	0.4119894802570343
3	0.06048399955034256	-0.053386181592941284		0.22789591550827026	0.20985811948776245	0.27978020906448364	0.18514101207256317	0.1866772472858429	0.10141753405332565	0.01380419172346592	0.052136316895484924	-0.004778167698532343	0.138763427734375	0.24168206751346588	0.02476564422249794	0.011231224983930588	0.12244676798582077	-0.08979307115077972	0.11103330552577972	-0.06250397115945816	-0.0028931982815265656	0.3484945297241211	0.2072555124759674	0.16393046081066132	0.06044747307896614	0.09367136657238007	0.03435421362519264	0.011004311963915825	-0.04705975204706192	0.18141114711761475	-0.11619999259710312	-0.050388287752866745	-0.08167335391044617	-0.0503753200173378	-0.04887335002422333	0.014346298761665821	-0.09635939449071884	0.027233969420194626	0.10608593374490738	0.07955550402402878	-0.024552810937166214	0.20290374755859375	0.12486051023006439	-0.17252887785434723	-0.06295710057020187	0.059892427176237106	0.002878850093111396	-0.013010723516345024	0.04722394421696663	-0.06426572054624557	0.2077823281288147	0.00027011247584596276	0.0979023426771164	-0.0341484472155571	0.021278059110045433	0.045487143099308014	0.11607109755277634	0.2963678538799286	0.09230600297451019	0.1789240688085556	0.07794717699289322
4	0.19786128401756287	0.3483962416648865	0.22789596021175385		0.11349563300609589	0.11187000572681427	0.14786237478256226	0.008377974852919579	-0.09084390848875046	0.15917141735553741	0.23502488434314728	0.01763611100614071	0.35385236144065857	0.35520681738853455	0.013377156108617783	0.46037614345550537	0.39784717559814453	0.3089413046836853	0.403386652469635	0.315247118473053	0.35583654046058655	0.30673468112945557	0.3618471920490265	0.11743579059839249	0.18075205385684967	0.21205046772956848	0.12433059513568878	0.2452959567308426	0.05383346229791641	-0.005834763403981924	-0.02207939699292183	-0.0020989011973142624	-0.09355395287275314	-0.18680661916732788	-0.13607025146484375	0.18192331492900848	-0.07361514121294022	-0.17550870776176453	-0.015057788230478764	-0.08561769127845764	-0.12339585274457932	-0.06531769782304764	0.018909906968474388	-0.07094552367925644	0.1539858728647232	-0.12341538816690445	0.22657345235347748	-0.07931292802095413	0.08976893126964569	0.023813996464014053	0.15459276735782623	-0.10967160761356354	0.051484785974025726	-0.0248616524040699	0.016855351626873016	-0.1734088510274887	-0.026418182998895645	0.027270402759313583	-0.04496411979198456	0.05975707992911339	0.28253376483917236
5	0.024486128240823746	-0.028326040133833885	0.20985811948776245	0.1134955883026123		0.09611528366804123	0.1248774603009224	0.15249328315258026	0.12141124159097672	0.11478569358587265	0.12137365341186523	0.2550201117992401	0.059503935277462006	0.07687109708786011	0.1574309915304184	0.005871868692338467	-0.0331953801214695	-0.09010079503059387	-0.07063671946525574	-0.026887310668826103	-0.05871347710490227	0.2755490839481354	0.14470131695270538	-0.04237907752394676	0.05789383873343468	0.014554801397025585	0.09147126227617264	0.30669352412223816	-0.03304281458258629	0.21131999790668488	0.0505923293530941	-0.0758548453450203	-0.10343094170093536	0.06729336827993393	-0.01451168768107891	-0.18838362395763397	-0.0822242870926857	0.06479737907648087	0.11267321556806564	-0.06593471765518188	0.11412191390991211	0.10302627831697464	0.04580342024564743	0.018302693963050842	0.03137945011258125	-0.026283785700798035	-0.04791152849793434	0.01133178174495697	-0.04499952495098114	-0.03411375358700752	-0.116648830473423	-0.12115201354026794	-0.06484348326921463	-0.10681349039077759	-0.023643122985959053	0.14204475283622742	0.11663079261779785	0.12866970896720886	0.11338750272989273	0.15605665743350983	0.07159386575222015
6	0.2954218089580536	0.007680782116949558	0.27978020906448364	0.11187000572681427	0.09611524641513824		0.1871684044599533	0.05544765666127205	0.05404374748468399	0.1296619325876236	0.2206544429063797	-0.0026125789154320955	-0.03854086250066757	-0.03800496086478233	-0.018213579431176186	-0.08370714634656906	-0.07948391884565353	-0.1012183427810669	-0.06062208488583565	-0.04467908293008804	-0.05836500972509384	0.32171010971069336	0.20638149976730347	0.15638786554336548	0.18146905303001404	0.03557503595948219	0.09228719770908356	0.17300669848918915	0.04335522651672363	0.139577254652977	0.1715610772371292	-0.0013204735005274415	-0.08128634095191956	0.12840576469898224	0.04991929605603218	0.11611218750476837	-0.12052474915981293	0.04600526764988899	0.10242825001478195	0.12044826149940491	0.026845479384064674	0.02646573632955551	-0.054981529712677	0.06737004220485687	-0.03875325620174408	0.055374279618263245	0.05167901888489723	0.013672533445060253	0.049333054572343826	0.04207226634025574	0.004037628881633282	0.08152373135089874	-0.10422705858945847	-0.014173158444464207	0.10915535688400269	0.17020386457443237	0.20436829328536987	0.030183156952261925	0.16927631199359894	0.225076824426651	0.23033873736858368
7	0.11345364898443222	0.11065202206373215	0.18514105677604675	0.14786243438720703	0.12487750500440598	0.1871684491634369		0.11763150244951248	0.4763031303882599	0.5980570912361145	0.3865426480770111	0.1660027801990509	0.13332606852054596	0.4226912558078766	0.30579620599746704	0.27194198966026306	0.36586469411849976	0.22121573984622955	0.2780672609806061	0.2537267506122589	0.198150634765625	0.23213261365890503	0.1094970852136612	0.1996464729309082	0.10922570526599884	0.21935921907424927	0.004674944095313549	-0.015213092789053917	-0.0783376395702362	0.13243821263313293	0.23970501124858856	-0.11574889719486237	0.0024765832349658012	-0.1877538561820984	-0.1878604143857956	0.128658264875412	-0.08675853908061981	-0.13820993900299072	-0.09467452764511108	-0.17846406996250153	0.13945837318897247	-0.07060229033231735	0.05217377841472626	-0.14361771941184998	-0.05318203940987587	-0.16250021755695343	-0.0018803519196808338	-0.0516829751431942	-0.11391311883926392	-0.10442481935024261	0.050838910043239594	-0.12156018614768982	0.02978607453405857	-0.07223540544509888	-0.048508282750844955	-0.0916982889175415	0.18807770311832428	0.2781749963760376	0.1490546464920044	-0.04923752695322037	-0.0177149698138237
8	0.02191219851374626	-0.04706110805273056	0.1866772621870041	0.008377999998629093	0.15249338746070862	0.05544765666127205	0.11763152480125427		0.18174318969249725	0.1428440809249878	-0.006583260837942362	-0.037422504276037216	0.18672257661819458	0.2922295033931732	0.3039005994796753	0.14590512216091156	0.1969197392463684	0.03562721610069275	0.055471017956733704	0.1071743369102478	0.0911947563290596	-0.014059907756745815	0.1821567267179489	0.05149038881063461	0.13918057084083557	0.0348508358001709	0.031252920627593994	0.14204424619674683	-0.22672103345394135	0.04803948104381561	-0.022401107475161552	-0.16437985002994537	-0.10974924266338348	-0.06322457641363144	0.0094979926943779	-0.02599204331636429	0.027695419266819954	-0.020075619220733643	0.10637816786766052	-0.01253217738121748	0.04231548681855202	0.28145211935043335	0.19395938515663147	-0.158108651638031	-0.057931866496801376	0.2413666993379593	0.0856674388051033	-0.0036703760270029306	0.15082761645317078	-0.17956671118736267	0.082756407558918	-0.17973671853542328	0.25804072618484497	-0.05076030269265175	0.28918808698654175	0.08845580369234085	-0.12321514636278152	0.2620897889137268	0.1466015875339508	0.19663050770759583	0.29189541935920715
9	0.18854498863220215	-0.08793843537569046	0.10141755640506744	-0.09084390103816986	0.12141125649213791	0.054043762385845184	0.4763031005859375	0.1817430853843689		0.4080717861652374	0.10497555881738663	0.05123912915587425	-0.003638913854956627	0.089034304022789	0.33553919196128845	0.0026892221067100763	0.0695779100060463	-0.04565499350428581	0.04189784824848175	0.0064272284507751465	0.013196052052080631	0.05431240051984787	0.10656702518463135	0.2962295711040497	-0.04091016948223114	-0.045701753348112106	0.1633356362581253	-0.023764148354530334	-0.07854298502206802	0.3033440113067627	0.25386786460876465	-0.260763943195343	0.11796841770410538	-0.08815305680036545	-0.029259921982884407	0.07969862222671509	-0.10643395036458969	0.037851616740226746	-0.05522140860557556	-0.1675478219985962	0.28526732325553894	0.18419550359249115	-0.15952862799167633	-0.051684387028217316	-0.15810991823673248	0.04605666175484657	-0.00497771892696619	0.02895515039563179	-0.0762409195303917	-0.07605696469545364	-0.06191117316484451	-0.17141883075237274	0.06110488995909691	0.11666090786457062	0.04358115792274475	0.10587827861309052	0.09256968647241592	0.2862919569015503	0.3456905782222748	0.05967988073825836	-0.1224006861448288
10	0.18025638163089752	0.21967799961566925	0.01380420383065939	0.15917140245437622	0.11478569358587265	0.1296619325876236	0.5980568528175354	0.1428440362215042	0.4080717861652374		0.24564173817634583	0.11886772513389587	-0.004977505188435316	0.3473209738731384	0.3136536180973053	0.2717271149158478	0.31454998254776	0.2940424978733063	0.26388314366340637	0.2989639639854431	0.2563945949077606	0.1998000591993332	-0.07849571853876114	0.05204806104302406	0.08209508657455444	0.020842021331191063	-0.05201175436377525	0.009243953041732311	0.08397442102432251	0.15340523421764374	0.3228577673435211	-0.1745082587003708	-0.023109154775738716	-0.14129719138145447	-0.16063889861106873	0.04864563047885895	0.011461947113275528	-0.12515796720981598	-0.10114553570747375	-0.15645308792591095	0.18870067596435547	-0.07651020586490631	0.03186250105500221	0.04280611127614975	-0.07840539515018463	-0.1457202136516571	0.05718759447336197	-0.10988730937242508	-0.16579894721508026	-0.15932463109493256	0.19378353655338287	-0.16024386882781982	-0.18412546813488007	-0.04734467342495918	-0.016861028969287872	-0.06541763246059418	0.10329371690750122	0.20237262547016144	0.22331829369068146	0.08342842757701874	0.11924369633197784
11	-0.038098398596048355	0.1906454861164093	0.05213632062077522	0.23502488434314728	0.12137362360954285	0.2206544429063797	0.38654249906539917	-0.006583257578313351	0.10497555881738663	0.2456417679786682		0.14303196966648102	0.341728150844574	0.21131405234336853	0.20395660400390625	0.27919134497642517	0.21697905659675598	0.2554307281970978	0.25747501850128174	0.29763442277908325	0.2766258418560028	0.05944760516285896	0.18887169659137726	0.111540786921978	0.19640518724918365	0.3839682340621948	0.03656415641307831	0.32527050375938416	0.08718034625053406	0.09829718619585037	0.30749619007110596	-0.2357967495918274	-0.2513659596443176	0.06375844776630402	-0.15233640372753143	-0.061422888189554214	0.04348074644804001	-0.08085882663726807	0.12473856657743454	-0.10476990044116974	0.029508790001273155	0.014456385746598244	-0.12530145049095154	-0.16309024393558502	-0.0686807632446289	-0.09272357821464539	-0.002584965666756034	-0.10492795705795288	-0.20609673857688904	0.031833209097385406	-0.1294012814760208	-0.12122026830911636	-0.08117678016424179	-0.1711612045764923	-0.025620343163609505	0.015477707609534264	0.022413156926631927	0.12931416928768158	-0.08962929993867874	0.027517611160874367	0.09722371399402618
12	0.1622287631034851	-0.06698781996965408	-0.0047781760804355145	0.017636103555560112	0.2550201117992401	-0.002612587995827198	0.1660028100013733	-0.037422481924295425	0.051239121705293655	0.11886774003505707	0.14303192496299744		0.24304719269275665	0.33416834473609924	0.501176118850708	0.06459897011518478	0.20127971470355988	-0.038778796792030334	0.09027519822120667	-0.00208479561842978	-0.06623440980911255	-0.016459187492728233	-0.018858321011066437	-0.05532340705394745	-0.1544225662946701	-0.07177584618330002	-0.06485368311405182	0.03457742929458618	0.009631428867578506	0.18497999012470245	0.24899210035800934	-0.15511424839496613	0.061022285372018814	-0.06461887061595917	-0.13503502309322357	-0.08001261949539185	-0.12052227556705475	0.10632865875959396	0.0014479206874966621	-0.18961499631404877	0.5296237468719482	0.3583737313747406	-0.15889190137386322	-0.12523043155670166	-0.16636070609092712	0.15274789929389954	0.010045165196061134	0.13127373158931732	-0.059234894812107086	-0.04102068394422531	0.2098236382007599	-0.1681867390871048	0.04774834215641022	-0.03113231435418129	0.07854641228914261	0.23219653964042664	0.15969768166542053	0.36991190910339355	0.30220305919647217	0.046941500157117844	-0.14963138103485107
13	-0.0779821127653122	0.26971763372421265	0.1387634128332138	0.3538522720336914	0.0595039501786232	-0.03854086622595787	0.13332600891590118	0.18672244250774384	-0.003638907801359892	-0.004977507051080465	0.3417280912399292	0.24304713308811188		0.4488545060157776	0.20610670745372772	0.3765804171562195	0.4335729777812958	0.33859047293663025	0.400865763425827	0.3923685848712921	0.4059677720069885	0.08782786875963211	0.3788491487503052	0.10594641417264938	0.22204366326332092	0.30315351486206055	0.10289709270000458	0.3162658214569092	-0.11589469760656357	-0.06077278405427933	-0.07729683816432953	-0.22074195742607117	-0.22988726198673248	-0.26194268465042114	-0.10816172510385513	0.055976442992687225	-0.06173703074455261	-0.10998598486185074	0.023544780910015106	-0.08604250848293304	0.2097078412771225	0.29780474305152893	-0.17250080406665802	-0.1084204763174057	-0.010257829912006855	0.04818560928106308	0.017215920612215996	-0.07354607433080673	0.08151841908693314	0.027778131887316704	0.2277889847755432	-0.11533528566360474	0.031168624758720398	-0.08790438622236252	0.05911685526371002	0.16642382740974426	-0.20945577323436737	0.2759375274181366	-0.0004405435174703598	0.1091199442744255	0.2864331901073456
14	0.08725980669260025	0.3463653326034546	0.24168209731578827	0.35520684719085693	0.0768711045384407	-0.03800496086478233	0.4226909875869751	0.29222941398620605	0.08903428912162781	0.3473210036754608	0.21131406724452972	0.33416831493377686	0.4488545060157776		0.4913251996040344	0.6470800042152405	0.8928213119506836	0.5466872453689575	0.7117234468460083	0.5497986674308777	0.5256733298301697	0.05055523291230202	0.14439454674720764	0.17029452323913574	0.02109069935977459	0.05749710276722908	-0.04424632340669632	0.10810046643018723	-0.1176426112651825	-0.019300702959299088	0.04403337463736534	-0.11069655418395996	-0.030997078865766525	-0.31572794914245605	-0.2599751353263855	-0.10734763741493225	-0.1020202711224556	-0.25937917828559875	-0.09152388572692871	-0.16614888608455658	0.20300638675689697	0.1793621927499771	-0.1453692764043808	-0.15986649692058563	-0.1568646878004074	-0.045453060418367386	0.00933171808719635	-0.08603106439113617	0.06273356825113297	-0.13146480917930603	0.1665327548980713	-0.25178390741348267	0.13307516276836395	-0.06304686516523361	-0.04889201372861862	-0.11539871245622635	-0.03000529482960701	0.36607691645622253	0.09403638541698456	0.08062528073787689	0.19647946953773499
15	0.22062526643276215	0.0948391854763031	0.02476564422249794	0.013377165421843529	0.15743103623390198	-0.018213581293821335	0.30579617619514465	0.30390051007270813	0.33553922176361084	0.3136536777019501	0.20395657420158386	0.5011761784553528	0.2061067521572113	0.4913252890110016		0.23826073110103607	0.38349878787994385	0.13838893175125122	0.2905769944190979	0.2262793630361557	0.15828989446163177	-0.19450941681861877	-0.001517012482509017	0.1765507459640503	-0.2094985395669937	-0.15824724733829498	-0.0919368714094162	0.11694976687431335	-0.22193261981010437	0.0429828055202961	0.15799745917320251	-0.32475346326828003	-0.012883851304650307	-0.06673189252614975	-0.21709460020065308	0.023555386811494827	0.09764908999204636	-0.21507522463798523	0.04778909310698509	-0.07579688727855682	0.41370874643325806	0.2815878391265869	-0.12459078431129456	-0.19655315577983856	-0.006446719169616699	0.1962926983833313	0.13025705516338348	-0.030025113373994827	0.045428987592458725	-0.08577603101730347	0.16425326466560364	-0.2759406268596649	0.026414429768919945	0.03325069323182106	-0.003825274296104908	-0.01022553164511919	0.03500094637274742	0.2971355617046356	0.1474268138408661	0.02395024523139	-0.04462374374270439
16	0.18478630483150482	0.7708081007003784	0.011231238022446632	0.4603760540485382	0.005871875677257776	-0.08370715379714966	0.2719419300556183	0.14590507745742798	0.0026892286259680986	0.27172696590423584	0.2791913151741028	0.0645989403128624	0.3765804171562195	0.6470798850059509	0.2382606565952301		0.796345055103302	0.8820917010307312	0.9084995985031128	0.9103503227233887	0.8802246451377869	0.1634906530380249	0.07762248814105988	0.08999963104724884	0.09547363221645355	0.1491183638572693	0.04196937009692192	0.20081833004951477	-0.035484764724969864	-0.07621664553880692	-0.02650221437215805	-0.0880691334605217	-0.17613022029399872	-0.36374613642692566	-0.15544258058071136	0.019916582852602005	-0.07166872173547745	-0.17809027433395386	-0.08909189701080322	-0.19044411182403564	-0.07385711371898651	-0.17691628634929657	-0.15342271327972412	-0.09804686158895493	0.025575265288352966	-0.18153375387191772	0.14161893725395203	-0.0238032229244709	0.09045170992612839	-0.1477501541376114	0.06857248395681381	-0.18256834149360657	-0.04111480712890625	-0.006199604365974665	-0.18741396069526672	-0.21721529960632324	-0.17180712521076202	0.06200949102640152	4.314124817028642e-05	-0.20541544258594513	0.3045300841331482
17	0.18105559051036835	0.517276406288147	0.122446708381176	0.39784690737724304	-0.033195413649082184	-0.07948390394449234	0.3658645749092102	0.1969195455312729	0.06957782804965973	0.31454992294311523	0.21697893738746643	0.2012796252965927	0.43357276916503906	0.8928209543228149	0.3834986984729767	0.7963449358940125		0.7046182155609131	0.8363069295883179	0.7046968936920166	0.6776658296585083	-0.023951193317770958	0.06810606271028519	0.1386689841747284	-0.047678641974925995	0.0199892595410347	-0.10411758720874786	0.05244158208370209	-0.084392249584198	-0.0063578481785953045	0.026268677785992622	-0.057345177978277206	-0.059387292712926865	-0.3096834421157837	-0.22371558845043182	-0.06015932187438011	-0.14674623310565948	-0.24265605211257935	-0.07617291063070297	-0.1549326777458191	0.13386677205562592	-0.011309076100587845	-0.11437639594078064	-0.12468615919351578	-0.07630757987499237	-0.10147736966609955	0.08083344250917435	-0.07941138744354248	0.07625959813594818	-0.1067793071269989	0.1250385195016861	-0.20056690275669098	0.0374518446624279	-0.0174703486263752	-0.19191811978816986	-0.2470705509185791	-0.05537253990769386	0.1990525722503662	0.06967639923095703	-0.12154886871576309	0.1678694188594818
18	0.011722588911652565	0.8468101024627686	-0.08979307115077972	0.3089412450790405	-0.09010078758001328	-0.10121830552816391	0.22121566534042358	0.035627178847789764	-0.04565499722957611	0.2940424382686615	0.2554307281970978	-0.03877878561615944	0.338590532541275	0.5466872453689575	0.13838893175125122	0.8820917010307312	0.7046183943748474		0.9013434648513794	0.9224728941917419	0.9270840883255005	0.1579722762107849	0.05095868185162544	0.06278179585933685	0.12997014820575714	0.1585691124200821	0.04365450516343117	0.14884255826473236	0.02683059684932232	-0.19634008407592773	-0.08039919286966324	-0.12466949224472046	-0.13106651604175568	-0.34484952688217163	-0.12400143593549728	-0.07634716480970383	-0.14839749038219452	-0.22436267137527466	-0.10476640611886978	-0.2335868626832962	-0.16706101596355438	-0.23236975073814392	-0.16960574686527252	-0.06673850119113922	0.04270007088780403	-0.20730528235435486	0.13809043169021606	-0.04658225551247597	0.07337318360805511	-0.08807224035263062	-0.015409008599817753	-0.14954134821891785	-0.20357124507427216	-0.04382214695215225	-0.20433802902698517	-0.2821747958660126	-0.16406987607479095	-0.13461264967918396	-0.0813351571559906	-0.18503037095069885	0.3381286859512329
19	0.09760310500860214	0.7570186257362366	0.11103330552577972	0.403386652469635	-0.07063673436641693	-0.06062207743525505	0.2780672013759613	0.05547099933028221	0.04189784452319145	0.2638830840587616	0.25747498869895935	0.09027516841888428	0.4008657932281494	0.7117234468460083	0.2905769348144531	0.9084995985031128	0.8363072276115417	0.9013434648513794		0.8710941672325134	0.901002049446106	0.13871446251869202	0.10460693389177322	0.11495935916900635	0.015074626542627811	0.0912867933511734	0.06460411101579666	0.18844066560268402	-0.05359655246138573	-0.07593103498220444	-0.040805697441101074	-0.11789175868034363	-0.12796515226364136	-0.3725028336048126	-0.1436915546655655	-0.03519980236887932	-0.13665850460529327	-0.2416476458311081	-0.09106390178203583	-0.2051088958978653	-0.004773159045726061	-0.0901743695139885	-0.16683349013328552	-0.12915831804275513	-0.0418553426861763	-0.1103716567158699	0.09365672618150711	0.0019378168508410454	0.09117969125509262	-0.05828865244984627	0.06722024083137512	-0.2072598785161972	-0.09269437938928604	-0.009846438653767109	-0.1613907366991043	-0.2624748945236206	-0.08783833682537079	0.0465918593108654	-0.02104044146835804	-0.1756969690322876	0.2595973312854767
20	0.06517340987920761	0.8535060882568359	-0.06250397115945816	0.31524693965911865	-0.0268873181194067	-0.04467907175421715	0.25372666120529175	0.10717426240444183	0.006427210755646229	0.2989639639854431	0.2976343333721161	-0.002084779553115368	0.3923685550689697	0.5497985482215881	0.22627931833267212	0.9103502035140991	0.7046969532966614	0.9224727153778076	0.8710940480232239		0.9192652702331543	0.15590205788612366	0.11700105667114258	0.0905071347951889	0.16105277836322784	0.2058345377445221	0.048465583473443985	0.19802387058734894	0.0037821116857230663	-0.10821771621704102	-0.07842223346233368	-0.1624385416507721	-0.16028842329978943	-0.2905080318450928	-0.11652963608503342	0.005401419475674629	-0.1016869843006134	-0.17116257548332214	-0.06546209007501602	-0.17329034209251404	-0.1087992712855339	-0.21702872216701508	-0.1509007215499878	-0.13771121203899384	0.053666021674871445	-0.19795602560043335	0.1612866371870041	0.021683964878320694	0.03094477392733097	-0.1228259950876236	0.028566502034664154	-0.17973636090755463	-0.1580762267112732	-0.008708997629582882	-0.19859066605567932	-0.21275436878204346	-0.1768042892217636	-0.04007664695382118	-0.0005618508439511061	-0.12124621868133545	0.37258321046829224
21	0.06462976336479187	0.8215147256851196	-0.0028931982815265656	0.35583657026290894	-0.05871349945664406	-0.05836500972509384	0.19815053045749664	0.09119468182325363	0.013196033425629139	0.25639456510543823	0.2766258716583252	-0.06623439490795135	0.4059677720069885	0.5256732702255249	0.1582898646593094	0.8802246451377869	0.6776660084724426	0.9270840883255005	0.901002049446106	0.9192655086517334		0.17038552463054657	0.07474491745233536	0.0757700651884079	0.1461639404296875	0.15551069378852844	0.10560701042413712	0.22950725257396698	-0.03345711529254913	-0.16190478205680847	-0.0475035160779953	-0.11439290642738342	-0.18836413323879242	-0.33486485481262207	-0.08049364387989044	-0.08251658082008362	-0.14237496256828308	-0.18633994460105896	-0.042139455676078796	-0.16104505956172943	-0.11561884731054306	-0.21919915080070496	-0.15171405673027039	-0.12699206173419952	0.03378786891698837	-0.1695125550031662	0.16518254578113556	-0.06066008657217026	0.08744814991950989	-0.10286403447389603	0.009526057168841362	-0.1808244287967682	-0.18784615397453308	-0.05058862268924713	-0.17841774225234985	-0.18370658159255981	-0.16867177188396454	-0.0724639818072319	-0.03810209035873413	-0.14183825254440308	0.30911749601364136
22	0.19593501091003418	0.2098982185125351	0.34849458932876587	0.30673468112945557	0.2755490839481354	0.32171010971069336	0.23213250935077667	-0.01405990682542324	0.05431240051984787	0.199800044298172	0.05944761261343956	-0.016459180042147636	0.0878279060125351	0.05055521801114082	-0.19450944662094116	0.16349062323570251	-0.023951197043061256	0.1579723209142685	0.1387145072221756	0.15590214729309082	0.17038556933403015		0.2904607653617859	0.20944581925868988	0.41531363129615784	0.3391920030117035	0.2924395203590393	0.17987489700317383	-0.017929675057530403	0.020337702706456184	-0.11564124375581741	-0.06402862071990967	0.002573763718828559	-0.044869255274534225	0.12307225167751312	0.0658963993191719	-0.10383274406194687	0.015594194643199444	-0.10376989841461182	-0.03830524906516075	-0.17067411541938782	-0.1368682086467743	-0.03292495757341385	0.08510584384202957	0.11157504469156265	-0.096377894282341	0.028808599337935448	-0.01680377870798111	0.029034346342086792	-0.003000811440870166	0.10805517435073853	0.13264696300029755	-0.16112399101257324	-0.12603896856307983	-0.005241640843451023	-0.025051739066839218	-0.00038709049113094807	0.03670006990432739	-0.005922301672399044	0.1258096843957901	0.3681511878967285
23	-0.058763135224580765	0.13148875534534454	0.207255557179451	0.3618471920490265	0.14470131695270538	0.20638151466846466	0.1094970628619194	0.18215668201446533	0.10656703263521194	-0.07849575579166412	0.18887172639369965	-0.018858328461647034	0.3788492679595947	0.14439456164836884	-0.0015170135302469134	0.07762249559164047	0.06810607761144638	0.05095868930220604	0.10460694134235382	0.11700110882520676	0.07474493235349655	0.2904607653617859		0.34497126936912537	0.29264795780181885	0.29058143496513367	0.13225026428699493	0.16728921234607697	0.03106260672211647	0.09907923638820648	0.0025507204700261354	-0.13314153254032135	-0.0031349032651633024	-0.07783911377191544	-0.005681375972926617	0.2049839198589325	0.013038589619100094	-0.14533650875091553	0.08973891288042068	-0.04787124693393707	-0.0166876632720232	0.28969940543174744	-0.06767524778842926	-0.09585826843976974	-0.12734483182430267	-0.01101197861135006	-0.0654837042093277	0.18910063803195953	0.06214337423443794	0.24334309995174408	0.1808103770017624	-0.09661158919334412	0.01208645012229681	-0.07168661057949066	0.0459766760468483	0.044850993901491165	-0.04162389785051346	0.09651241451501846	0.09151852130889893	0.23205681145191193	0.3413621187210083
24	0.2388393133878708	0.09571264684200287	0.16393043100833893	0.11743580549955368	-0.042379073798656464	0.1563878208398819	0.19964641332626343	0.05149037018418312	0.2962295711040497	0.05204806104302406	0.1115407645702362	-0.05532338470220566	0.10594639927148819	0.17029449343681335	0.17655065655708313	0.08999963104724884	0.13866902887821198	0.06278179585933685	0.11495936661958694	0.0905071422457695	0.0757700726389885	0.2094458043575287	0.3449711203575134		0.3321227431297302	0.3913203179836273	0.15441645681858063	0.10286041349172592	-0.03290673717856407	0.1477738469839096	-0.004812940955162048	-0.2524417042732239	-0.04939621314406395	-0.20981720089912415	-0.06920263916254044	-0.040956493467092514	0.05589922145009041	-0.22839123010635376	-0.07890990376472473	-0.022732947021722794	-0.04546912759542465	0.06292878091335297	-0.10181459039449692	-0.1030716821551323	0.00012557418085634708	0.046873804181814194	0.03582471236586571	-0.1348622441291809	0.10251118242740631	-0.1290995478630066	0.021174704656004906	0.022472968325018883	-0.004915355704724789	-0.08562944829463959	-0.05781619995832443	0.006711428053677082	0.0045614587143063545	0.07061804831027985	0.18339857459068298	0.07152126729488373	0.25483444333076477
25	0.04555637016892433	0.18964964151382446	0.06044747307896614	0.18075206875801086	0.05789383873343468	0.18146906793117523	0.10922571271657944	0.13918054103851318	-0.04091016575694084	0.08209508657455444	0.19640520215034485	-0.1544225513935089	0.22204364836215973	0.021090703085064888	-0.20949846506118774	0.09547363966703415	-0.047678668051958084	0.12997014820575714	0.015074626542627811	0.16105283796787262	0.1461639404296875	0.41531363129615784	0.29264792799949646	0.3321227729320526		0.766832172870636	0.2869235873222351	0.20713041722774506	-0.012207860127091408	0.014011424034833908	0.02968921884894371	-0.15722361207008362	-0.12652423977851868	-0.11015411466360092	0.07394743710756302	0.06714577972888947	0.0033743425738066435	-0.12688373029232025	-0.024573521688580513	0.022497493773698807	-0.19931653141975403	-0.05455510690808296	-0.08055206388235092	-0.0061657000333070755	0.0796784907579422	-0.038641124963760376	0.14949817955493927	-0.08144038915634155	0.12086020410060883	-0.12330414354801178	-0.10138102620840073	-0.02213190495967865	0.05425243824720383	-0.09373972564935684	0.15331502258777618	0.06994043290615082	-0.11429717391729355	0.10380535572767258	-0.08250690251588821	0.4632909893989563	0.5637819170951843
26	-0.10123065859079361	0.22292721271514893	0.09367135912179947	0.21205049753189087	0.014554806984961033	0.03557503595948219	0.2193591445684433	0.0348508395254612	-0.045701753348112106	0.020842013880610466	0.3839682936668396	-0.07177583873271942	0.3031536340713501	0.057497113943099976	-0.1582472175359726	0.14911842346191406	0.019989294931292534	0.15856914222240448	0.09128681570291519	0.20583459734916687	0.15551069378852844	0.3391919732093811	0.2905813753604889	0.3913204073905945	0.7668322324752808		0.16679947078227997	0.2222909927368164	0.03560355305671692	-0.01847582682967186	0.014817353338003159	-0.13090653717517853	-0.13220490515232086	-0.08397562056779861	-0.05032958835363388	0.008467747829854488	0.006344309542328119	-0.08817712962627411	-0.047053974121809006	-0.03711305931210518	-0.2745286822319031	-0.14811590313911438	-0.01665283553302288	-0.05939292162656784	-0.011521833948791027	-0.19580553472042084	0.08615349233150482	-0.13515876233577728	-0.04361750930547714	-0.15607836842536926	-0.07493262737989426	0.02204318530857563	-0.090573750436306	-0.20996062457561493	-0.04151569679379463	-0.0007209638133645058	-0.006822517141699791	0.04515812173485756	-0.04061262309551239	0.37273311614990234	0.43999287486076355
27	0.06953775137662888	0.14046548306941986	0.03435422107577324	0.12433061003684998	0.09147129952907562	0.09228721261024475	0.004674949683248997	0.031252890825271606	0.1633356362581253	-0.05201176181435585	0.03656415641307831	-0.06485368311405182	0.10289710015058517	-0.04424631595611572	-0.0919368639588356	0.04196936637163162	-0.10411763191223145	0.043654508888721466	0.06460411101579666	0.04846558719873428	0.10560700297355652	0.2924394905567169	0.13225024938583374	0.15441647171974182	0.2869235873222351	0.16679947078227997		0.22992315888404846	-0.14034752547740936	-0.05301285162568092	0.04647783935070038	-0.1682414710521698	-0.01508260890841484	-0.02009398676455021	0.20915840566158295	0.08697119355201721	0.001555883209221065	0.09552530944347382	-0.00432773120701313	0.027423882856965065	-0.13771627843379974	-0.038213785737752914	-0.11093532294034958	0.05411476641893387	0.2279023826122284	0.16583161056041718	0.21377834677696228	-0.061253223568201065	-0.058109864592552185	0.03375678136944771	-0.1165386363863945	0.03134175017476082	-0.004785255528986454	0.056459300220012665	0.20402130484580994	0.12014161795377731	0.043703582137823105	0.024697983637452126	-0.052803609520196915	0.1337946057319641	0.09649758785963058
28	-0.056930866092443466	0.2043861746788025	0.011004324071109295	0.2452959567308426	0.30669358372688293	0.17300669848918915	-0.015213089995086193	0.14204420149326324	-0.02376413345336914	0.009243961423635483	0.32527050375938416	0.03457744047045708	0.3162658214569092	0.10810046643018723	0.11694976687431335	0.20081833004951477	0.052441611886024475	0.14884258806705475	0.1884407103061676	0.19802390038967133	0.22950728237628937	0.17987488210201263	0.16728919744491577	0.10286042839288712	0.20713043212890625	0.2222909927368164	0.22992314398288727		0.023451298475265503	0.030698023736476898	0.06623788923025131	-0.013904489576816559	-0.18672724068164825	0.05390048399567604	0.13072046637535095	-0.2208469659090042	0.1440667361021042	0.06900389492511749	0.23931758105754852	-0.022782938554883003	-0.17672589421272278	-0.032322756946086884	-0.020598025992512703	-0.09675677120685577	-0.04473643749952316	0.032304033637046814	0.06913099437952042	-0.18503333628177643	0.09963847696781158	0.0329621247947216	-0.1384306252002716	0.046726372092962265	0.09715749323368073	-0.07159262150526047	0.06807272881269455	0.07491643726825714	-0.0657467171549797	0.10226190835237503	-0.009682704694569111	0.025625577196478844	0.2719491422176361
29	-0.1565350890159607	-0.016612596809864044	-0.047059766948223114	0.05383346602320671	-0.03304283320903778	0.043355248868465424	-0.0783376395702362	-0.22672095894813538	-0.07854302227497101	0.0839744284749031	0.08718035370111465	0.009631440043449402	-0.11589471250772476	-0.11764270812273026	-0.22193261981010437	-0.03548482432961464	-0.08439230173826218	0.02683061733841896	-0.05359658971428871	0.003782116575166583	-0.03345712646842003	-0.017929665744304657	0.03106263466179371	-0.03290676698088646	-0.012207835912704468	0.03560350090265274	-0.14034751057624817	0.0234513022005558		0.1413573920726776	0.015521930530667305	0.27094024419784546	0.05682936683297157	0.17492543160915375	0.16105277836322784	-0.09445998072624207	-0.028520267456769943	0.06239714473485947	-0.041876934468746185	-0.09469566494226456	0.017078064382076263	-0.04185732454061508	-0.05874781310558319	0.0745588168501854	0.007268523797392845	-0.05663541704416275	-0.0014844308607280254	0.12858383357524872	0.06898656487464905	0.22243835031986237	0.058426205068826675	0.14946697652339935	-0.011890369467437267	0.10499902069568634	-0.013531597331166267	0.001821642741560936	0.23932035267353058	-0.10820864886045456	-0.017404913902282715	-0.04812952131032944	-0.034902241080999374
30	0.23671473562717438	-0.20486435294151306	0.18141116201877594	-0.005834757816046476	0.21132002770900726	0.139577254652977	0.13243816792964935	0.048039477318525314	0.3033439815044403	0.15340524911880493	0.09829717129468918	0.18497996032238007	-0.060772769153118134	-0.019300688058137894	0.0429827980697155	-0.07621666043996811	-0.006357925944030285	-0.1963401436805725	-0.07593104988336563	-0.1082177385687828	-0.16190481185913086	0.020337704569101334	0.09907922893762589	0.147773876786232	0.01401142030954361	-0.018475834280252457	-0.05301286280155182	0.030698034912347794	0.14135736227035522		0.30080917477607727	-0.10467930138111115	0.061119355261325836	0.1281532645225525	-0.03207051753997803	0.11075635999441147	-0.0230787992477417	0.04128344729542732	0.06977357715368271	-0.20013470947742462	0.18507304787635803	0.31173670291900635	0.06640882045030594	0.013281037099659443	-0.15301644802093506	0.027896560728549957	-0.025604404509067535	0.06789211928844452	0.03332984447479248	0.03359702602028847	0.13909046351909637	-0.09586972743272781	0.07689908891916275	-0.05661572515964508	0.016695091500878334	0.05389338359236717	0.21076568961143494	-0.0104808509349823	0.4397833049297333	0.04066004604101181	-0.15629726648330688
31	0.23635727167129517	-0.09969249367713928	-0.11619999259710312	-0.022079380229115486	0.050592340528964996	0.17156101763248444	0.2397049367427826	-0.022401127964258194	0.25386783480644226	0.32285773754119873	0.30749616026878357	0.24899207055568695	-0.07729683816432953	0.04403337463736534	0.1579975038766861	-0.026502210646867752	0.02626868709921837	-0.08039919286966324	-0.040805697441101074	-0.07842222601175308	-0.0475035160779953	-0.11564121395349503	0.002550719538703561	-0.004812929779291153	0.029689211398363113	0.014817368239164352	0.04647781327366829	0.06623785942792892	0.015521932393312454	0.30080917477607727		-0.20711731910705566	0.09374002367258072	0.0543026402592659	-0.1837511658668518	-0.011093641631305218	0.06033175438642502	0.06845077127218246	0.05021766573190689	-0.14078783988952637	0.08227908611297607	0.14619213342666626	-0.11355014145374298	-0.04445906728506088	-0.09845541417598724	-0.08093160390853882	-0.052723806351423264	-0.07800387591123581	-0.10151500999927521	-0.045931097120046616	-0.03746968135237694	-0.20140226185321808	-0.014102591201663017	-0.02842743508517742	-0.008678749203681946	0.05430540069937706	0.11793604493141174	0.1572120040655136	0.32883498072624207	-0.0016619246453046799	-0.0341971181333065
32	-0.07256521284580231	-0.1411105841398239	-0.050388287752866745	-0.0020989130716770887	-0.07585486024618149	-0.0013205031864345074	-0.115748830139637	-0.1643797755241394	-0.26076385378837585	-0.1745082288980484	-0.2357967048883438	-0.15511420369148254	-0.22074195742607117	-0.11069652438163757	-0.32475337386131287	-0.0880691409111023	-0.0573451891541481	-0.12466944754123688	-0.11789173632860184	-0.1624385118484497	-0.11439289152622223	-0.06402859836816788	-0.13314148783683777	-0.2524417042732239	-0.15722359716892242	-0.13090649247169495	-0.16824141144752502	-0.013904474675655365	0.2709401249885559	-0.10467927902936935	-0.20711728930473328		0.017498983070254326	0.272505521774292	0.21386006474494934	-0.13855957984924316	0.09386768937110901	0.15270470082759857	0.1274985522031784	0.1465069204568863	-0.17834167182445526	-0.29605191946029663	0.004863440059125423	0.05346178635954857	0.07044247537851334	-0.19964265823364258	-0.01997939497232437	-0.1374545395374298	0.08741718530654907	0.2748086452484131	0.01891840249300003	0.32192930579185486	0.0417608842253685	-0.15094994008541107	-0.11162256449460983	0.01612158678472042	0.15735097229480743	-0.08852440863847733	-0.06948770582675934	-0.055681634694337845	-0.273894727230072
33	-0.11383946985006332	-0.15006515383720398	-0.08167336881160736	-0.09355396777391434	-0.10343097150325775	-0.08128632605075836	0.0024765878915786743	-0.1097491979598999	0.11796841770410538	-0.02310914732515812	-0.25136598944664	0.06102227792143822	-0.22988730669021606	-0.03099707141518593	-0.012883828952908516	-0.1761302500963211	-0.05938730761408806	-0.13106653094291687	-0.12796518206596375	-0.16028843820095062	-0.1883641481399536	0.002573777688667178	-0.003134917002171278	-0.049396224319934845	-0.12652426958084106	-0.13220489025115967	-0.015082617290318012	-0.18672725558280945	0.05682937055826187	0.061119385063648224	0.09374004602432251	0.017499001696705818		0.26408708095550537	0.1911051869392395	-0.217210590839386	-0.10346346348524094	0.09576232731342316	-0.08843837678432465	0.05800676345825195	0.029751326888799667	-0.09755642712116241	0.007878841832280159	0.039952073246240616	0.07624668627977371	-6.566965021193027e-05	0.1680418848991394	0.1945597231388092	-0.25095799565315247	0.19755874574184418	-0.042011916637420654	0.08137495070695877	0.2201247662305832	0.24959078431129456	-0.07455936074256897	0.0008081258274614811	0.09120020270347595	-0.05570962280035019	0.26742225885391235	-0.10471531748771667	-0.07910796999931335
34	-0.08105790615081787	-0.3077879548072815	-0.0503753200173378	-0.18680661916732788	0.06729337573051453	0.12840574979782104	-0.18775378167629242	-0.06322457641363144	-0.08815306425094604	-0.14129719138145447	0.06375843286514282	-0.06461887806653976	-0.26194268465042114	-0.3157278895378113	-0.06673188507556915	-0.36374616622924805	-0.30968359112739563	-0.34484952688217163	-0.3725028336048126	-0.29050809144973755	-0.33486485481262207	-0.04486923664808273	-0.07783910632133484	-0.20981715619564056	-0.11015411466360092	-0.08397561311721802	-0.02009398490190506	0.05390048399567604	0.17492538690567017	0.1281532496213913	0.0543026402592659	0.272505521774292	0.26408708095550537		0.22437548637390137	-0.0674770325422287	0.0910341665148735	0.19835424423217773	0.06763017922639847	0.18356014788150787	-0.12509191036224365	-0.16217273473739624	0.1018189862370491	0.19141779839992523	-0.005280622746795416	0.13566549122333527	-0.11112640798091888	-0.10985490679740906	-0.10479939728975296	0.23179742693901062	-0.06449462473392487	0.4595696032047272	0.029597438871860504	0.013101696968078613	0.14446736872196198	0.13831773400306702	0.07104028761386871	-0.08787913620471954	-0.02389228343963623	0.12568384408950806	-0.21463391184806824
35	-0.0988398939371109	-0.11293831467628479	-0.04887335002422333	-0.13607025146484375	-0.014511682093143463	0.049919307231903076	-0.18786032497882843	0.009497998282313347	-0.029259921982884407	-0.16063888370990753	-0.15233643352985382	-0.13503499329090118	-0.10816174000501633	-0.2599751055240631	-0.21709449589252472	-0.15544259548187256	-0.223715677857399	-0.12400143593549728	-0.1436915546655655	-0.11652965843677521	-0.08049364387989044	0.12307225167751312	-0.0056813801638782024	-0.06920266151428223	0.07394743710756302	-0.05032958835363388	0.20915840566158295	0.13072045147418976	0.16105273365974426	-0.032070524990558624	-0.1837511658668518	0.21386012434959412	0.19110514223575592	0.22437548637390137		0.0036393222399055958	-0.062212008982896805	0.25749045610427856	0.07975362986326218	0.19392311573028564	-0.1941964030265808	-0.23353417217731476	0.018693801015615463	0.11732429265975952	0.22122108936309814	0.09854944795370102	0.09535365551710129	0.07083127647638321	0.0898098275065422	0.31424272060394287	-0.03919083997607231	0.2867850065231323	0.07210490107536316	0.011980393901467323	0.23734600841999054	0.1274539679288864	0.05780809745192528	0.04581110551953316	-0.0402238555252552	0.06713205575942993	-0.005122995004057884
36	0.11041580140590668	0.07303231954574585	0.014346291311085224	0.18192331492900848	-0.18838369846343994	0.11611222475767136	0.1286582350730896	-0.025992034003138542	0.07969862222671509	0.04864560812711716	-0.06142289564013481	-0.08001262694597244	0.055976469069719315	-0.10734765976667404	0.02355538308620453	0.019916605204343796	-0.0601593554019928	-0.07634720206260681	-0.03519981727004051	0.005401412025094032	-0.0825166404247284	0.06589639186859131	0.20498394966125488	-0.04095650091767311	0.06714578717947006	0.008467732928693295	0.0869712084531784	-0.22084695100784302	-0.09445997327566147	0.11075638234615326	-0.011093669570982456	-0.13855960965156555	-0.21721060574054718	-0.06747709214687347	0.0036393352784216404		0.10590548068284988	0.04760034382343292	-0.10082808136940002	0.08923240751028061	0.04120703041553497	0.03099863976240158	0.02753104455769062	-0.0003376054810360074	0.05831198766827583	0.15284794569015503	0.03681843727827072	0.22687041759490967	0.2787436544895172	0.015784598886966705	0.17512261867523193	-0.01138165034353733	0.0037695132195949554	0.16625329852104187	0.1944427490234375	-0.06433290243148804	-0.06350897252559662	-0.07283005118370056	-0.1131889820098877	-0.06634928286075592	0.056596096605062485
37	0.0966828316450119	-0.06885916739702225	-0.09635939449071884	-0.07361513376235962	-0.0822242945432663	-0.12052474915981293	-0.08675849437713623	0.027695415541529655	-0.1064339429140091	0.01146194338798523	0.04348073899745941	-0.12052228301763535	-0.06173700839281082	-0.1020202562212944	0.09764907509088516	-0.07166869193315506	-0.14674626290798187	-0.14839749038219452	-0.13665850460529327	-0.10168703645467758	-0.14237496256828308	-0.10383273661136627	0.01303857285529375	0.0558992363512516	0.0033743425738066435	0.006344296969473362	0.001555885188281536	0.1440667062997818	-0.028520265594124794	-0.023078784346580505	0.06033174693584442	0.09386768937110901	-0.10346347838640213	0.0910341665148735	-0.062212008982896805	0.10590546578168869		0.05534461513161659	-0.09647755324840546	0.12565091252326965	-0.13951756060123444	-0.0018788703018799424	0.09031888842582703	-0.0639101043343544	0.09062405675649643	-0.0190325565636158	0.017630552873015404	0.20107926428318024	-0.031824991106987	0.013130616396665573	0.1474233716726303	0.21691973507404327	0.24269968271255493	0.0896441712975502	0.06880872696638107	-0.014190718531608582	-0.05861348286271095	-0.017803244292736053	-0.17161080241203308	-0.06673183292150497	0.04000772535800934
38	-0.04217629134654999	-0.18918311595916748	0.027233965694904327	-0.17550869286060333	0.06479738652706146	0.046005260199308395	-0.13820993900299072	-0.02007562480866909	0.037851594388484955	-0.12515795230865479	-0.08085881173610687	0.10632866621017456	-0.10998598486185074	-0.25937917828559875	-0.21507516503334045	-0.17809031903743744	-0.2426561713218689	-0.22436268627643585	-0.2416476458311081	-0.17116257548332214	-0.18633995950222015	0.0155941816046834	-0.14533649384975433	-0.22839125990867615	-0.12688373029232025	-0.08817712962627411	0.09552530199289322	0.06900389492511749	0.06239712983369827	0.04128342494368553	0.06845077872276306	0.15270470082759857	0.09576231986284256	0.19835427403450012	0.25749045610427856	0.04760032892227173	0.05534461513161659		-0.004207306541502476	0.154170423746109	-0.006814354564994574	0.004363511223345995	0.06780780106782913	0.07077904045581818	0.09098386764526367	0.08019092679023743	0.06744453310966492	0.28308629989624023	-0.12146642059087753	0.06069670990109444	-0.12787321209907532	0.3203570544719696	0.14701855182647705	0.15714390575885773	0.059370219707489014	0.3070327639579773	0.2460114061832428	0.16341735422611237	0.1775307059288025	0.19866277277469635	-0.02121313102543354
39	0.0353548601269722	-0.08455842733383179	0.1060858890414238	-0.015057802200317383	0.11267317086458206	0.10242820531129837	-0.09467456489801407	0.10637810081243515	-0.05522141233086586	-0.10114545375108719	0.12473850697278976	0.0014479325618594885	0.023544777184724808	-0.0915239080786705	0.047789067029953	-0.08909192681312561	-0.07617288827896118	-0.1047663688659668	-0.09106387197971344	-0.06546206027269363	-0.04213941842317581	-0.10376985371112823	0.08973885327577591	-0.07890991866588593	-0.02457350678741932	-0.047053977847099304	-0.004327724687755108	0.23931743204593658	-0.041876912117004395	0.06977355480194092	0.050217658281326294	0.12749849259853363	-0.08843829482793808	0.06763017922639847	0.079753577709198	-0.10082798451185226	-0.09647748619318008	-0.004207295831292868		-0.04867256060242653	0.12044657766819	0.0838085487484932	0.14514093101024628	-0.10655117779970169	0.1984267383813858	-0.026441223919391632	0.07952376455068588	-0.08965139836072922	0.04037632793188095	0.010204393416643143	0.2248818576335907	0.027146661654114723	0.03536796569824219	-0.0035286531783640385	-0.02776642143726349	0.007721409667283297	0.07899394631385803	-0.0011473719496279955	0.03612091764807701	0.04614026099443436	-0.04050643742084503
40	-0.029633495956659317	-0.08128076791763306	0.07955547422170639	-0.08561768382787704	-0.06593471765518188	0.12044820934534073	-0.178463876247406	-0.012532167136669159	-0.16754776239395142	-0.15645304322242737	-0.10476987063884735	-0.189614936709404	-0.08604246377944946	-0.1661488562822342	-0.07579685002565384	-0.19044408202171326	-0.1549326777458191	-0.23358683288097382	-0.2051088511943817	-0.17329032719135284	-0.16104501485824585	-0.03830524533987045	-0.047871217131614685	-0.0227329283952713	0.02249748259782791	-0.03711302578449249	0.02742386795580387	-0.022782977670431137	-0.09469561278820038	-0.20013464987277985	-0.14078779518604279	0.1465068906545639	0.05800677090883255	0.1835600733757019	0.19392305612564087	0.08923240751028061	0.12565091252326965	0.15417037904262543	-0.04867256432771683		-0.0497378334403038	-0.14913593232631683	0.05171380192041397	0.04488250985741615	0.057320717722177505	0.20579639077186584	-0.023523440584540367	-0.03152274340391159	0.05690697580575943	0.14730411767959595	-0.02527238056063652	0.02198171243071556	0.06841544806957245	0.07894780486822128	0.03221999853849411	0.12054586410522461	-0.09982746839523315	0.01805037632584572	-0.16682887077331543	0.15034466981887817	0.04858162999153137
41	0.09419436752796173	-0.2943457365036011	-0.02455282025039196	-0.12339585274457932	0.1141219288110733	0.026845458894968033	0.13945826888084412	0.04231545701622963	0.2852672338485718	0.1887006163597107	0.02950877510011196	0.5296235680580139	0.20970779657363892	0.20300628244876862	0.41370853781700134	-0.07385707646608353	0.1338668018579483	-0.1670609712600708	-0.004773173946887255	-0.1087992712855339	-0.11561880260705948	-0.17067404091358185	-0.016687657684087753	-0.04546912759542465	-0.19931644201278687	-0.2745286226272583	-0.13771623373031616	-0.176725834608078	0.01707804575562477	0.18507301807403564	0.0822790190577507	-0.17834165692329407	0.029751313850283623	-0.12509186565876007	-0.19419635832309723	0.04120703041553497	-0.13951760530471802	-0.006814338732510805	0.1204465851187706	-0.0497378334403038		0.5505068898200989	-0.1576455682516098	-0.1422416716814041	-0.1772826462984085	0.3459331691265106	0.0016938387416303158	0.2240046262741089	-0.02274909056723118	-0.053583890199661255	0.25163131952285767	-0.29413747787475586	0.12550745904445648	0.13099345564842224	0.15740704536437988	0.3111479878425598	0.16297705471515656	0.42210644483566284	0.2924390733242035	0.07155800610780716	-0.21940872073173523
42	-0.0659521147608757	-0.38937610387802124	0.20290374755859375	-0.06531770527362823	0.10302627831697464	0.026465734466910362	-0.07060226052999496	0.2814520001411438	0.18419547379016876	-0.0765102207660675	0.014456395991146564	0.3583737015724182	0.2978048026561737	0.1793621927499771	0.28158777952194214	-0.17691636085510254	-0.011309121735394001	-0.23236975073814392	-0.0901743695139885	-0.21702878177165985	-0.21919915080070496	-0.13686813414096832	0.28969937562942505	0.06292878836393356	-0.05455510690808296	-0.148115873336792	-0.038213785737752914	-0.03232274949550629	-0.0418572761118412	0.3117366433143616	0.14619213342666626	-0.296051949262619	-0.09755644202232361	-0.16217273473739624	-0.23353417217731476	0.0309985913336277	-0.0018788703018799424	0.0043635121546685696	0.08380857110023499	-0.14913593232631683	0.5505069494247437		-0.019306421279907227	-0.10502941161394119	-0.30184462666511536	0.38030698895454407	-0.08049195259809494	0.13082808256149292	0.18677358329296112	-0.05541423335671425	0.2786213457584381	-0.26339825987815857	0.32019564509391785	-0.008940916508436203	0.33104372024536133	0.34987345337867737	0.060786549001932144	0.41158953309059143	0.23429520428180695	0.23049364984035492	-0.01596044935286045
43	-0.060155998915433884	-0.20315048098564148	0.12486052513122559	0.018909910693764687	0.045803431421518326	-0.054981529712677	0.05217376723885536	0.1939593404531479	-0.1595286875963211	0.03186250850558281	-0.12530143558979034	-0.15889187157154083	-0.17250080406665802	-0.1453692764043808	-0.12459077686071396	-0.15342272818088531	-0.11437644064426422	-0.1696057766675949	-0.16683349013328552	-0.15090075135231018	-0.15171405673027039	-0.03292495012283325	-0.06767522543668747	-0.10181459039449692	-0.08055207878351212	-0.01665283367037773	-0.11093533039093018	-0.020598022267222404	-0.058747805655002594	0.06640884280204773	-0.11355014145374298	0.004863428417593241	0.007878817617893219	0.1018189862370491	0.018693815916776657	0.027531025931239128	0.09031890332698822	0.06780780106782913	0.14514099061489105	0.05171382054686546	-0.15764564275741577	-0.01930641382932663		0.12254858016967773	0.025183983147144318	0.05117190256714821	0.17987024784088135	0.030407078564167023	0.1745806336402893	0.03738920018076897	-0.014422295615077019	0.19758769869804382	0.10330077260732651	-0.06047811359167099	-0.05359850078821182	0.019482579082250595	0.017322536557912827	-0.02713876962661743	0.010095235891640186	-0.10125020146369934	-0.08581259846687317
44	0.042756132781505585	-0.08240115642547607	-0.17252887785434723	-0.07094552367925644	0.01830270141363144	0.06737001240253448	-0.1436176747083664	-0.15810857713222504	-0.05168437585234642	0.04280611872673035	-0.16309022903442383	-0.12523041665554047	-0.1084204614162445	-0.15986648201942444	-0.19655312597751617	-0.09804682433605194	-0.12468620389699936	-0.06673850119113922	-0.12915831804275513	-0.1377112865447998	-0.12699206173419952	0.08510583639144897	-0.09585826098918915	-0.10307171195745468	-0.0061657000333070755	-0.059392914175987244	0.05411476641893387	-0.09675676375627518	0.07455877959728241	0.013281031511723995	-0.04445906728506088	0.05346180126070976	0.039952076971530914	0.19141779839992523	0.11732429265975952	-0.0003375819942448288	-0.0639101043343544	0.07077904045581818	-0.10655125230550766	0.04488252475857735	-0.1422417163848877	-0.10502941161394119	0.12254859507083893		0.09899193793535233	-0.11423945426940918	-0.0342240035533905	0.05094620957970619	0.1494876891374588	0.31469932198524475	0.06876947730779648	0.36266839504241943	0.044657934457063675	0.3099857270717621	0.07336800545454025	0.19140779972076416	0.03360447660088539	-0.07185386121273041	-0.14402315020561218	0.017707273364067078	0.0696442648768425
45	0.04933687299489975	0.05030682310461998	-0.06295709311962128	0.1539858728647232	0.03137947618961334	-0.038753263652324677	-0.05318203568458557	-0.05793186277151108	-0.15810994803905487	-0.07840540260076523	-0.06868080049753189	-0.16636069118976593	-0.01025784108787775	-0.1568646878004074	-0.0064467256888747215	0.02557528018951416	-0.07630762457847595	0.04270005226135254	-0.041855357587337494	0.053666044026613235	0.03378787636756897	0.11157504469156265	-0.12734486162662506	0.00012555904686450958	0.0796785056591034	-0.011521810665726662	0.227902352809906	-0.044736459851264954	0.007268509827554226	-0.15301644802093506	-0.09845542907714844	0.07044253498315811	0.07624668627977371	-0.005280626006424427	0.22122108936309814	0.05831199511885643	0.09062407165765762	0.09098389744758606	0.19842682778835297	0.057320721447467804	-0.17728275060653687	-0.30184465646743774	0.025183994323015213	0.0989920049905777		0.03711463510990143	0.29438939690589905	0.07694680243730545	0.1319817155599594	0.12695086002349854	0.09937912225723267	0.07257243990898132	0.006199496798217297	0.17755158245563507	0.019782498478889465	-0.08944600075483322	-0.027115462347865105	-0.2311304658651352	-0.10166623443365097	-0.08989385515451431	0.1673002392053604
46	-0.07285059988498688	-0.28321176767349243	0.059892427176237106	-0.12341541051864624	-0.02628380060195923	0.055374275892972946	-0.16250015795230865	0.24136658012866974	0.04605666920542717	-0.14572018384933472	-0.09272356331348419	0.15274786949157715	0.04818560183048248	-0.04545305296778679	0.1962926834821701	-0.1815337836742401	-0.10147739201784134	-0.20730528235435486	-0.1103716567158699	-0.19795604050159454	-0.1695125550031662	-0.0963779017329216	-0.01101197674870491	0.04687381908297539	-0.038641124963760376	-0.19580551981925964	0.16583161056041718	0.032304052263498306	-0.05663539841771126	0.027896560728549957	-0.08093161880970001	-0.19964270293712616	-6.56771007925272e-05	0.13566549122333527	0.09854944795370102	0.15284793078899384	-0.0190325565636158	0.08019092679023743	-0.02644122764468193	0.20579639077186584	0.34593328833580017	0.38030698895454407	0.051171910017728806	-0.11423945426940918	0.037114594131708145		0.07379665970802307	0.28784939646720886	0.39516302943229675	0.040536314249038696	0.04709625616669655	0.055624280124902725	0.20143763720989227	0.2871454358100891	0.24705173075199127	0.13353274762630463	-0.08127714693546295	0.1966916024684906	0.06871329993009567	0.026386883109807968	-0.04964829608798027
47	0.15847478806972504	0.12470360100269318	0.0028788349591195583	0.2265734076499939	-0.04791153594851494	0.05167899280786514	-0.0018803467974066734	0.08566735684871674	-0.004977721720933914	0.05718759447336197	-0.0025849570520222187	0.010045126080513	0.017215926200151443	0.009331708773970604	0.1302570253610611	0.14161893725395203	0.08083342015743256	0.13809038698673248	0.09365672618150711	0.1612866371870041	0.16518254578113556	0.02880859561264515	-0.06548372656106949	0.035824719816446304	0.14949814975261688	0.08615345507860184	0.21377834677696228	0.06913097202777863	-0.0014844276010990143	-0.02560439147055149	-0.052723802626132965	-0.01997939497232437	0.16804182529449463	-0.11112643033266068	0.09535364806652069	0.036818455904722214	0.01763054169714451	0.06744451820850372	0.0795237272977829	-0.02352345734834671	0.0016938252374529839	-0.08049193024635315	0.17987023293972015	-0.0342240110039711	0.2943892776966095	0.07379663735628128		0.041117411106824875	0.17371933162212372	-0.08587061613798141	0.17371799051761627	0.011231916956603527	-0.011808250099420547	0.20323657989501953	-0.009809691458940506	0.03549017757177353	-0.10179328173398972	-0.0362897664308548	-0.030327847227454185	-0.06814650446176529	-0.036382146179676056
48	-0.14856396615505219	-0.04205453395843506	-0.01301074679940939	-0.07931291311979294	0.011331778019666672	0.013672533445060253	-0.051682937890291214	-0.0036703837104141712	0.02895515039563179	-0.10988730192184448	-0.10492795705795288	0.13127370178699493	-0.07354607433080673	-0.08603110164403915	-0.030025120824575424	-0.023803235962986946	-0.07941146194934845	-0.046582262963056564	0.0019378168508410454	0.0216839499771595	-0.06066006422042847	-0.016803782433271408	0.18910060822963715	-0.1348622441291809	-0.08144041895866394	-0.13515876233577728	-0.06125323846936226	-0.18503333628177643	0.12858380377292633	0.06789211928844452	-0.0780038982629776	-0.1374545693397522	0.1945597529411316	-0.10985492914915085	0.070831298828125	0.22687041759490967	0.20107929408550262	0.28308627009391785	-0.08965146541595459	-0.031522735953330994	0.22400470077991486	0.1308281123638153	0.030407067388296127	0.05094621703028679	0.07694683223962784	0.28784939646720886	0.04111744835972786		0.0006157972966320813	0.20138894021511078	-0.0765862762928009	0.12934298813343048	0.2971561849117279	0.4904933273792267	0.023768041282892227	0.04799677059054375	0.06263864040374756	0.04299130290746689	0.1096019372344017	-0.022134196013212204	0.07540489733219147
49	0.08850254863500595	-0.004547584801912308	0.04722394794225693	0.0897689163684845	-0.04499952867627144	0.049333080649375916	-0.11391311138868332	0.1508275270462036	-0.07624094188213348	-0.16579890251159668	-0.20609670877456665	-0.05923488736152649	0.08151840418577194	0.06273353844881058	0.045428983867168427	0.09045170247554779	0.07625960558652878	0.07337318360805511	0.09117968380451202	0.030944792553782463	0.08744814991950989	0.029034359380602837	0.06214338168501854	0.1025111973285675	0.12086020410060883	-0.04361747205257416	-0.05810987204313278	0.09963846206665039	0.06898652762174606	0.033329837024211884	-0.10151504725217819	0.08741717785596848	-0.2509579062461853	-0.10479938983917236	0.08980981260538101	0.27874356508255005	-0.031824976205825806	-0.12146639823913574	0.04037633538246155	0.056906990706920624	-0.02274911105632782	0.18677356839179993	0.17458060383796692	0.14948770403862	0.13198167085647583	0.395162969827652	0.17371931672096252	0.0006158150499686599		0.06967400014400482	0.1783858686685562	-0.03429224342107773	0.2128542959690094	0.2560270130634308	0.12851597368717194	0.012141816318035126	-0.19147071242332458	-0.10272259265184402	-0.15252603590488434	-0.12187913805246353	0.21347559988498688
50	-0.13395100831985474	-0.1023637130856514	-0.06426570564508438	0.023813994601368904	-0.03411375358700752	0.04207228496670723	-0.10442476719617844	-0.17956657707691193	-0.07605695724487305	-0.15932461619377136	0.0318332239985466	-0.04102060943841934	0.027778126299381256	-0.13146480917930603	-0.0857759639620781	-0.1477501392364502	-0.10677932947874069	-0.08807222545146942	-0.05828864499926567	-0.1228259950876236	-0.10286401212215424	-0.003000817960128188	0.2433430403470993	-0.1290995329618454	-0.12330411374568939	-0.1560783088207245	0.0337568037211895	0.0329621285200119	0.2224382907152176	0.03359705209732056	-0.04593111202120781	0.2748086452484131	0.1975586712360382	0.23179741203784943	0.3142426311969757	0.015784578397870064	0.01313062384724617	0.060696717351675034	0.01020439900457859	0.14730416238307953	-0.05358392000198364	-0.055414214730262756	0.03738917037844658	0.31469929218292236	0.12695080041885376	0.0405363105237484	-0.08587060123682022	0.201388880610466	0.06967400014400482		-0.07626555114984512	0.2845570743083954	0.11707793921232224	0.07115606218576431	-0.19776709377765656	-0.06828376650810242	0.13121140003204346	-0.059412240982055664	-0.04494260996580124	-0.09714242815971375	-0.08946152031421661
51	0.13864292204380035	-0.022805897518992424	0.2077823281288147	0.15459276735782623	-0.1166488453745842	0.004037636332213879	0.05083887279033661	0.08275631815195084	-0.06191117316484451	0.19378353655338287	-0.1294012814760208	0.2098236232995987	0.2277889996767044	0.1665327548980713	0.16425323486328125	0.06857246160507202	0.12503859400749207	-0.015409008599817753	0.06722024083137512	0.028566505759954453	0.009526057168841362	0.10805512964725494	0.1808103322982788	0.021174710243940353	-0.10138102620840073	-0.07493261992931366	-0.1165386214852333	-0.1384306102991104	0.05842620134353638	0.139090433716774	-0.03746967762708664	0.018918393179774284	-0.04201190918684006	-0.06449462473392487	-0.03919083997607231	0.17512257397174835	0.1474233716726303	-0.12787319719791412	0.22488193213939667	-0.02527236007153988	0.25163137912750244	0.2786213457584381	-0.01442229375243187	0.06876947730779648	0.09937913715839386	0.04709625616669655	0.17371803522109985	-0.07658626139163971	0.1783858686685562	-0.07626554369926453		0.01663864590227604	-0.07460702210664749	0.016995903104543686	0.20307643711566925	0.03374152258038521	-0.05121568217873573	0.15272130072116852	-0.0024879970587790012	0.01621384732425213	0.03065740503370762
52	-0.017006071284413338	-0.16095635294914246	0.000270102231297642	-0.10967162996530533	-0.12115201354026794	0.08152373880147934	-0.12156019359827042	-0.1797366589307785	-0.17141884565353394	-0.16024388372898102	-0.12122027575969696	-0.168186753988266	-0.11533532291650772	-0.25178390741348267	-0.27594074606895447	-0.18256840109825134	-0.20056697726249695	-0.14954137802124023	-0.20725995302200317	-0.17973646521568298	-0.18082448840141296	0.13264694809913635	-0.09661158174276352	0.02247297205030918	-0.022131917998194695	0.022043172270059586	0.03134175017476082	0.04672638699412346	0.14946700632572174	-0.09586974233388901	-0.20140230655670166	0.32192933559417725	0.08137496560811996	0.4595697522163391	0.2867850661277771	-0.011381668969988823	0.21691983938217163	0.3203570246696472	0.027146674692630768	0.021981706842780113	-0.29413753747940063	-0.26339828968048096	0.1975877434015274	0.36266854405403137	0.07257244735956192	0.05562429130077362	0.011231916025280952	0.12934300303459167	-0.03429226949810982	0.2845572829246521	0.016638658940792084		0.0969395786523819	0.06023882329463959	-0.10893052816390991	0.016322266310453415	-0.0008289447287097573	0.04672490805387497	-0.049845438450574875	0.019032573327422142	-0.07829353213310242
53	-0.07398432493209839	-0.31493356823921204	0.097902312874794	0.05148477107286453	-0.06484344601631165	-0.1042269840836525	0.02978605218231678	0.25804057717323303	0.061104875057935715	-0.1841253936290741	-0.0811767503619194	0.04774831607937813	0.031168609857559204	0.13307510316371918	0.026414411142468452	-0.041114795953035355	0.0374518558382988	-0.20357118546962738	-0.09269431978464127	-0.1580762416124344	-0.1878461092710495	-0.16112393140792847	0.012086455710232258	-0.004915353376418352	0.05425244942307472	-0.09057372063398361	-0.0047852592542767525	0.09715750813484192	-0.011890365742146969	0.07689905911684036	-0.014102591201663017	0.0417608916759491	0.22012467682361603	0.029597431421279907	0.07210484892129898	0.003769500181078911	0.24269959330558777	0.14701855182647705	0.03536796197295189	0.06841545552015305	0.12550747394561768	0.32019558548927307	0.10330073535442352	0.04465792328119278	0.006199478637427092	0.2014375627040863	-0.011808252893388271	0.29715606570243835	0.212854266166687	0.11707793921232224	-0.0746069997549057	0.09693954139947891		0.4334680140018463	0.33572933077812195	0.24385251104831696	0.024624096229672432	0.3550271689891815	0.05190671980381012	0.002399029675871134	0.08553869277238846
54	-0.02709256112575531	-0.022971859201788902	-0.0341484360396862	-0.024861644953489304	-0.10681352764368057	-0.014173154719173908	-0.07223539799451828	-0.05076029896736145	0.11666090786457062	-0.04734467342495918	-0.1711612045764923	-0.031132299453020096	-0.08790440112352371	-0.06304685771465302	0.033250682055950165	-0.00619962252676487	-0.0174703486263752	-0.04382215067744255	-0.009846426546573639	-0.008708995766937733	-0.05058860406279564	-0.12603898346424103	-0.07168660312891006	-0.08562950044870377	-0.09373970329761505	-0.20996062457561493	0.05645929276943207	-0.07159261405467987	0.10499896854162216	-0.056615717709064484	-0.02842743694782257	-0.15094996988773346	0.24959078431129456	0.013101700693368912	0.011980418115854263	0.16625328361988068	0.08964415639638901	0.15714389085769653	-0.003528645494952798	0.07894783467054367	0.13099344074726105	-0.008940894156694412	-0.060478147119283676	0.3099857568740845	0.17755158245563507	0.2871454656124115	0.20323656499385834	0.4904933273792267	0.25602707266807556	0.07115606963634491	0.016995906829833984	0.06023881584405899	0.4334681034088135		0.11604088544845581	0.0896657258272171	-0.12822575867176056	0.001655439380556345	-0.1997859925031662	-0.11073818802833557	0.14734981954097748
55	-0.17121398448944092	-0.22820833325386047	0.021278059110045433	0.016855355352163315	-0.023643113672733307	0.1091553270816803	-0.04850827157497406	0.28918784856796265	0.04358115419745445	-0.01686100848019123	-0.02562035620212555	0.07854639738798141	0.05911685526371002	-0.04889199510216713	-0.0038252752274274826	-0.18741396069526672	-0.19191817939281464	-0.20433802902698517	-0.1613907366991043	-0.1985907107591629	-0.17841774225234985	-0.005241638980805874	0.045976672321558	-0.05781621113419533	0.15331502258777618	-0.04151568561792374	0.20402130484580994	0.06807272136211395	-0.013531563803553581	0.016695091500878334	-0.008678746409714222	-0.11162257194519043	-0.07455934584140778	0.14446736872196198	0.23734600841999054	0.1944427341222763	0.06880872696638107	0.05937022715806961	-0.02776644378900528	0.032220013439655304	0.15740706026554108	0.33104372024536133	-0.05359850823879242	0.07336800545454025	0.019782504066824913	0.24705173075199127	-0.009809669107198715	0.02376803569495678	0.12851595878601074	-0.19776713848114014	0.20307643711566925	-0.10893045365810394	0.3357294201850891	0.11604085564613342		0.47708460688591003	-0.06463939696550369	0.25569790601730347	-0.14388242363929749	0.2344190627336502	0.15650230646133423
56	-0.1598629653453827	-0.3177579939365387	0.04548715054988861	-0.1734088510274887	0.1420447826385498	0.17020387947559357	-0.09169825166463852	0.08845578134059906	0.10587827861309052	-0.06541763246059418	0.015477706678211689	0.23219652473926544	0.16642384231090546	-0.11539869755506516	-0.010225534439086914	-0.21721534430980682	-0.24707061052322388	-0.2821747660636902	-0.2624748945236206	-0.21275442838668823	-0.18370658159255981	-0.025051744654774666	0.04485098645091057	0.0067114271223545074	0.06994042545557022	-0.0007209498435258865	0.12014161795377731	0.07491644471883774	0.0018216543830931187	0.053893398493528366	0.05430540069937706	0.01612159051001072	0.0008081318810582161	0.1383177489042282	0.1274539679288864	-0.06433290243148804	-0.01419072411954403	0.3070327639579773	0.007721416186541319	0.120545893907547	0.3111480176448822	0.34987345337867737	0.019482582807540894	0.19140782952308655	-0.08944598585367203	0.13353276252746582	0.035490185022354126	0.04799678921699524	0.012141833081841469	-0.06828375905752182	0.03374152630567551	0.01632225327193737	0.2438526302576065	0.0896657183766365	0.47708460688591003		0.026431281119585037	0.39725160598754883	0.16971269249916077	0.26932045817375183	-0.0494939349591732
57	0.10488632321357727	-0.08597713708877563	0.11607111990451813	-0.026418186724185944	0.11663082242012024	0.20436826348304749	0.18807761371135712	-0.12321515381336212	0.09256967157125473	0.10329370200634003	0.022413156926631927	0.15969768166542053	-0.20945581793785095	-0.03000529296696186	0.03500095754861832	-0.1718071550130844	-0.055372562259435654	-0.16406990587711334	-0.08783832937479019	-0.1768043488264084	-0.16867177188396454	-0.00038710125954821706	-0.04162390157580376	0.004561488516628742	-0.11429718136787415	-0.006822528317570686	0.0437035858631134	-0.06574670970439911	0.23932024836540222	0.21076568961143494	0.11793603748083115	0.1573510318994522	0.09120018780231476	0.0710403099656105	0.05780811235308647	-0.06350897252559662	-0.05861346796154976	0.24601143598556519	0.07899400591850281	-0.09982751309871674	0.16297714412212372	0.060786549001932144	0.017322544008493423	0.0336044579744339	-0.02711544744670391	-0.08127715438604355	-0.10179334133863449	0.06263864040374756	-0.19147072732448578	0.13121145963668823	-0.05121568590402603	-0.000828961085062474	0.024624081328511238	-0.12822575867176056	-0.06463941186666489	0.026431281119585037		-0.032180774956941605	0.2181556224822998	0.1452919840812683	-0.15496663749217987
58	0.015730034559965134	-0.29116153717041016	0.2963678240776062	0.02727038972079754	0.12866970896720886	0.030183149501681328	0.27817481756210327	0.26208969950675964	0.2862917482852936	0.20237253606319427	0.1293140947818756	0.36991167068481445	0.27593740820884705	0.3660767674446106	0.29713544249534607	0.06200951710343361	0.1990525871515274	-0.13461260497570038	0.0465918704867363	-0.040076639503240585	-0.07246394455432892	0.0367000512778759	0.09651236236095428	0.07061802595853806	0.1038053035736084	0.045158129185438156	0.024697978049516678	0.10226184874773026	-0.10820860415697098	-0.010480868630111217	0.15721198916435242	-0.08852432668209076	-0.05570957809686661	-0.08787911385297775	0.04581107571721077	-0.07283002138137817	-0.0178032536059618	0.1634172797203064	-0.0011473683407530189	0.018050367012619972	0.4221063554286957	0.41158953309059143	-0.027138754725456238	-0.07185380160808563	-0.2311304211616516	0.19669149816036224	-0.03628981113433838	0.04299130663275719	-0.10272258520126343	-0.05941218510270119	0.15272125601768494	0.04672488570213318	0.35502713918685913	0.0016554202884435654	0.2556977868080139	0.39725154638290405	-0.03218076750636101		0.24430055916309357	0.34934350848197937	0.02269134297966957
59	0.1440718173980713	-0.12283550202846527	0.09230602532625198	-0.04496413841843605	0.1133875697851181	0.1692763864994049	0.149054616689682	0.14660152792930603	0.34569060802459717	0.22331829369068146	-0.08962930738925934	0.30220308899879456	-0.00044055934995412827	0.09403637796640396	0.1474267989397049	4.314436228014529e-05	0.06967641413211823	-0.08133517950773239	-0.02104044519364834	-0.0005618634168058634	-0.03810209408402443	-0.005922301206737757	0.09151849895715714	0.18339867889881134	-0.08250692486763	-0.04061262682080269	-0.05280362442135811	-0.009682709351181984	-0.017404915764927864	0.43978339433670044	0.3288350999355316	-0.06948774307966232	0.2674223482608795	-0.02389228530228138	-0.0402238592505455	-0.1131889820098877	-0.17161086201667786	0.1775307059288025	0.0361209399998188	-0.166828915476799	0.2924392521381378	0.23429523408412933	0.01009522657841444	-0.14402318000793457	-0.10166624188423157	0.06871332228183746	-0.030327828601002693	0.1096019446849823	-0.1525261253118515	-0.044942647218704224	-0.0024880117271095514	-0.049845438450574875	0.051906704902648926	-0.199785977602005	-0.14388243854045868	0.16971272230148315	0.2181556671857834	0.2443007379770279		0.13502883911132812	-0.10393299162387848
60	-0.08955327421426773	-0.1857215017080307	0.1789240688085556	0.05975711718201637	0.1560567021369934	0.2250768393278122	-0.049237512052059174	0.19663041830062866	0.05967988446354866	0.08342843502759933	0.027517613023519516	0.046941500157117844	0.10911993682384491	0.08062528818845749	0.023950211703777313	-0.20541547238826752	-0.12154889851808548	-0.18503037095069885	-0.1756969690322876	-0.12124624848365784	-0.14183825254440308	0.1258096843957901	0.23205679655075073	0.07152126729488373	0.4632909893989563	0.37273311614990234	0.1337946057319641	0.025625577196478844	-0.04812951758503914	0.04066004231572151	-0.0016619255766272545	-0.05568164587020874	-0.10471533238887787	0.12568384408950806	0.06713205575942993	-0.06634925305843353	-0.06673183292150497	0.19866277277469635	0.04614026099443436	0.15034472942352295	0.07155801355838776	0.23049364984035492	-0.10125020146369934	0.017707273364067078	-0.08989381045103073	0.026386883109807968	-0.06814650446176529	-0.0221342034637928	-0.12187918275594711	-0.09714245796203613	0.01621384732425213	0.019032567739486694	0.0023990399204194546	-0.11073818802833557	0.2344190627336502	0.26932039856910706	0.14529196918010712	0.3493436276912689	0.13502885401248932		0.2618379294872284
61	0.07805769890546799	0.41198936104774475	0.07794717699289322	0.28253376483917236	0.07159390300512314	0.2303386926651001	-0.0177149698138237	0.29189515113830566	-0.1224006712436676	0.11924370378255844	0.09722369909286499	-0.14963138103485107	0.28643321990966797	0.19647946953773499	-0.04462370276451111	0.30453017354011536	0.1678694486618042	0.3381287157535553	0.2595973312854767	0.3725832402706146	0.30911749601364136	0.36815115809440613	0.3413620591163635	0.25483444333076477	0.5637819170951843	0.43999284505844116	0.09649758785963058	0.2719491422176361	-0.034902241080999374	-0.15629728138446808	-0.0341971181333065	-0.273894727230072	-0.07910795509815216	-0.21463391184806824	-0.005122995004057884	0.05659608170390129	0.040007732808589935	-0.021213116124272346	-0.04050644859671593	0.04858161136507988	-0.21940873563289642	-0.015960445627570152	-0.08581258356571198	0.0696442648768425	0.16730022430419922	-0.04964830353856087	-0.03638213127851486	0.07540489733219147	0.21347564458847046	-0.08946152031421661	0.03065740503370762	-0.07829349488019943	0.08553867787122726	0.14734980463981628	0.15650230646133423	-0.0494939349591732	-0.15496663749217987	0.02269134297966957	-0.10393296927213669	0.2618379294872284	
